<?xml version="1.0" encoding="UTF-8" ?>
<!DOCTYPE mapper PUBLIC "-//mybatis.org//DTD Mapper 3.0//EN"
"http://mybatis.org/dtd/mybatis-3-mapper.dtd">

<mapper namespace="com.example.demo.dao.TrackWriteDAO">
	<!-- runner_data에서 특정 id의 리스트 갯수 가져오기 -->
	<select id="getTotalfromrd" parameterType="String"
		resultType="int">
		select count(*) from runner_data where user_id = #{user_id}
	</select>
	<!-- runner_data에서 특정 id의 리스트 가져오기 -->
	<select id="listfromrd" parameterType="runner_data"
		resultType="runner_data">
		select *
		from (select a.*,rowNum rn
		from ( select *
		from
		runner_data
		where user_id = #{user_id}
		order by runner_data_date desc) a
		)
		where rn between #{startRow} and #{endRow}
	</select>
	<!-- 트랙 글쓰기 -->
	<insert id="insertSns">
		insert into sns
		values(sns_no_seq.nextval,#{runner_data_no},#{user_id},
		#{sns_address1},#{sns_address2},#{sns_subject},
		#{sns_content},sysdate,#{sns_proofshot},0,0,0)
	</insert>
	<!-- runner_date에서 특정 runner_date_no에 따라서 리스트 가져오기 -->
	<select id="getrd" parameterType="int" resultType="runner_data">
		select * from runner_data where runner_data_no=#{runner_data_no}
	</select>
	<!-- coordinate에서 특정 runner_date_no에 따라서 리스트 가져오기 -->
	<select id="getc" parameterType="int" resultType="coordinate">
		select * from coordinate where runner_data_no=#{runner_data_no} order by coordinate_no
	</select>
</mapper>